GROUP,PACKAGE,CLASS,INSTRUCTION_MISSED,INSTRUCTION_COVERED,BRANCH_MISSED,BRANCH_COVERED,LINE_MISSED,LINE_COVERED,COMPLEXITY_MISSED,COMPLEXITY_COVERED,METHOD_MISSED,METHOD_COVERED
persistenceG2_5,edu.uga.miage.m1.polygons.gui,JDrawingFrame,1183,0,88,0,265,0,86,0,41,0
persistenceG2_5,edu.uga.miage.m1.polygons.gui,GUIHelper.new WindowAdapter() {...},6,0,0,0,3,0,2,0,2,0
persistenceG2_5,edu.uga.miage.m1.polygons.gui,App,6,0,0,0,3,0,2,0,2,0
persistenceG2_5,edu.uga.miage.m1.polygons.gui,JDrawingFrame.Shapes,21,0,0,0,2,0,1,0,1,0
persistenceG2_5,edu.uga.miage.m1.polygons.gui,ReadXMLFile,27,206,4,8,5,40,6,8,2,5
persistenceG2_5,edu.uga.miage.m1.polygons.gui,JDrawingFrame.ShapeActionListener,52,0,4,0,10,0,4,0,2,0
persistenceG2_5,edu.uga.miage.m1.polygons.gui,GUIHelper,25,0,0,0,8,0,2,0,2,0
persistenceG2_5,edu.uga.miage.m1.polygons.gui.persistence,JSonVisitor,30,44,3,1,5,9,2,4,0,4
persistenceG2_5,edu.uga.miage.m1.polygons.gui.persistence,XMLVisitor,28,44,3,1,5,9,2,4,0,4
persistenceG2_5,edu.uga.miage.m1.polygons.gui.shapes,Triangle,0,141,0,2,0,21,0,5,0,4
persistenceG2_5,edu.uga.miage.m1.polygons.gui.shapes,Square,0,86,0,0,0,14,0,4,0,4
persistenceG2_5,edu.uga.miage.m1.polygons.gui.shapes,Group,207,26,8,0,55,7,20,4,16,4
persistenceG2_5,edu.uga.miage.m1.polygons.gui.shapes,SimpleShape,0,20,0,0,0,8,0,4,0,4
persistenceG2_5,edu.uga.miage.m1.polygons.gui.shapes,Circle,0,84,0,0,0,14,0,4,0,4
persistenceG2_5,edu.uga.miage.m1.polygons.gui.shapes,ShapeFactory,0,38,0,5,0,7,0,6,0,2
